{
    "max_risk": {
        "roc_auc": 0.8461538461538463,
        "f1": 0.9285714285714286,
        "accuracy": 0.8666666666666667,
        "precision": 0.8666666666666667,
        "recall": 1.0
    },
    "median_risk": {
        "roc_auc": 0.9722222222222222,
        "f1": 0.8571428571428571,
        "accuracy": 0.9333333333333333,
        "precision": 0.75,
        "recall": 1.0
    },
    "pct_time_high": {
        "rmse": 0.03818748481119838,
        "r2": 0.7932699708700508
    }
}