mean_pred,frac_pos
0.5087360663800171,1.0
0.6797953544593311,0.0
0.7708524440282628,0.6666666666666666
0.974370141696361,1.0
