mean_pred,frac_pos
0.7703890919999999,0.6
0.861968346,1.0
