mean_pred,frac_pos
0.011286586300542474,0.0
0.6303084987094457,1.0
0.9673766817145969,0.6666666666666666
