mean_pred,frac_pos
0.2978774,0.0
0.32092290999999995,0.0
0.45748627833333333,0.3333333333333333
0.580708505,0.0
0.6402888,0.5
