fpr,tpr
0.0,0.0
0.0,0.07692307692307693
0.0,0.9230769230769231
1.0,0.9230769230769231
1.0,1.0
