{
    "train_loss": [
        1.7663336719785419,
        1.4776889630726406,
        1.3205840008599417,
        1.154533200604575,
        1.0083369186946325,
        0.8223466294152396,
        0.7312840163707733,
        0.6785199659211295,
        0.6171300394194467,
        0.5767340319497245
    ],
    "val_loss": [
        1.4495528936386108,
        1.3790785074234009,
        1.3700270652770996,
        1.4157733917236328,
        1.5499682426452637,
        1.755144476890564,
        2.1281940937042236,
        2.2766315937042236,
        2.3606157302856445,
        2.4317634105682373
    ]
}