{
    "max_risk": {
        "roc_auc": 0.9230769230769231,
        "f1": 0.9285714285714286,
        "accuracy": 0.8666666666666667,
        "precision": 0.8666666666666667,
        "recall": 1.0
    },
    "median_risk": {
        "roc_auc": 0.7777777777777777,
        "f1": 0.0,
        "accuracy": 0.8,
        "precision": 0.0,
        "recall": 0.0
    },
    "pct_time_high": {
        "rmse": 0.07668294992954396,
        "r2": 0.16639745235443115
    },
    "inference_time_sec": 0.03
}