{
    "max_risk": {
        "roc_auc": 0.5769230769230769,
        "f1": 0.9285714285714286,
        "accuracy": 0.8666666666666667,
        "precision": 0.8666666666666667,
        "recall": 1.0
    },
    "median_risk": {
        "roc_auc": 0.7222222222222222,
        "f1": 0.0,
        "accuracy": 0.8,
        "precision": 0.0,
        "recall": 0.0
    },
    "pct_time_high": {
        "rmse": 0.1350594303328614,
        "r2": -1.585897445678711
    },
    "inference_time_sec": 0.03
}