{
  "max_risk": {
    "f1_0.5": 0.9285714285714286,
    "roc_auc": 0.9230769230769231
  },
  "median_risk": {
    "f1_0.5": 0.0,
    "roc_auc": 0.7777777777777777
  },
  "test_regression": {
    "rmse": 0.07668294992954396,
    "r2": 0.16639745235443115
  },
  "val_regression": {
    "rmse": 0.07437002926732932,
    "r2": 0.2207416296005249
  }
}