{
    "max_risk": {
        "roc_auc": 0.9230769230769231,
        "f1": 0.9285714285714286,
        "accuracy": 0.8666666666666667,
        "precision": 0.8666666666666667,
        "recall": 1.0
    },
    "median_risk": {
        "roc_auc": 0.8333333333333334,
        "f1": 0.2857142857142857,
        "accuracy": 0.6666666666666666,
        "precision": 0.25,
        "recall": 0.3333333333333333
    },
    "pct_time_high": {
        "rmse": 0.12873487930023134,
        "r2": -1.3493833541870117
    },
    "inference_time_sec": 0.03
}