{
    "train_loss": [
        1.4590577125549316,
        1.1119981271880013,
        0.979682081086295,
        0.9369422623089382,
        0.8809196625437056,
        0.7893578120640345,
        0.7231027483940125,
        0.6497770326478141,
        0.6040098071098328,
        0.5602085045405797,
        0.5267494644437517
    ],
    "val_loss": [
        1.122859001159668,
        0.9924037456512451,
        0.9586984515190125,
        0.9585263133049011,
        0.9765619039535522,
        1.0037506818771362,
        1.0696229934692383,
        1.1479402780532837,
        1.1605794429779053,
        1.2032536268234253,
        1.260606288909912
    ]
}