fold,score
1,0.6862745098039216
2,0.8627450980392157
3,0.8431372549019608
4,0.8627450980392156
5,0.9027777777777778
