fold,score
1,0.005292408571336999
2,0.0030297644925714137
3,0.004098509208125608
4,0.006751253453046703
5,0.003980521230670674
