fold,score
1,0.5980392156862746
2,0.803921568627451
3,0.5784313725490196
4,0.6666666666666667
5,0.4722222222222222
mean,0.6238562091503268
std,0.10952540151022071
