fold,score
1,0.71875
2,0.7
3,0.8333333333333334
4,0.7666666666666667
5,0.8
mean,0.76375
std,0.04950448913426385
