fold,score
1,0.0045885468371847865
2,0.002929017178963034
3,0.0046877018210314675
4,0.008866224383267587
5,0.0047824791168849055
mean,0.0051707938674663565
std,0.001970022705115419
